Product Reporting,Customer Value Score,Page Views
AutoPurchase,0,1
AutoRefinance,0,2
CreditCards,1000000,20
Student Loans,0,97
Prequalification,7283.321194465,1373
CreditAnalyzer,25374.270489723,3941
Debt Relief,14240.403909638,15449
Business Loans,6184.610627223,58209
Reverse Mortgage,570.209951304,87687
Auto,1799.014140251,667032
Home Equity,1092.557587513,668157
Purchase,1443.897367775,1869939
Personal,3803.706058679,2113728
Refinance,809.026599802,2620433
